{"pred==1,ret>0 %": 0.6298701298701299, "pred==1 and side=-1,ret>0 %": 0.6170212765957447, "pred==1 and side==1, ret>0 %": 0.6407185628742516}{"pred==0,ret<0 %": 0.3838383838383838, "pred==0 and side=-1,ret<0 %": 0.44, "pred==0 and side==1, ret<0 %": 0.32653061224489793}