{"0.0": {"precision": 0.7858048162230672, "recall": 0.779874213836478, "f1-score": 0.7828282828282828, "support": 795}, "1.0": {"precision": 0.8579545454545454, "recall": 0.8621533442088092, "f1-score": 0.8600488201790073, "support": 1226}, "accuracy": 0.8297872340425532, "macro avg": {"precision": 0.8218796808388062, "recall": 0.8210137790226436, "f1-score": 0.8214385515036451, "support": 2021}, "weighted avg": {"precision": 0.82957303395577, "recall": 0.8297872340425532, "f1-score": 0.8296726068223393, "support": 2021}}{"confusion_matrix": [[[620, 175], [169, 1057]]], "accuracy_score": 0.8297872340425532}