{"pred==1,ret>0 %": 0.620253164556962, "pred==1 and side=-1,ret>0 %": 0.5387755102040817, "pred==1 and side==1, ret>0 %": 0.7074235807860262}{"pred==0,ret<0 %": 0.423728813559322, "pred==0 and side=-1,ret<0 %": 0.525, "pred==0 and side==1, ret<0 %": 0.21052631578947367}