{"long": {">0": 0.17327399426128712, "-1%~0": 0.5321582635513654, "-2%~1%": 0.18793308738849523, "<-2%": 0.08900860806933301}, "short": {"0~0.01": 0.16495871640217838, "0.01~0.02": 0.007046514805488864, ">0.02": 0.0012687630536198785, "<0": 0.8090999590091936}}