{"0.0": {"precision": 0.9824945295404814, "recall": 0.921025641025641, "f1-score": 0.9507676019057703, "support": 975}, "1.0": {"precision": 0.954248366013072, "recall": 0.9901356350184957, "f1-score": 0.9718608169440243, "support": 1622}, "accuracy": 0.9641894493646516, "macro avg": {"precision": 0.9683714477767766, "recall": 0.9555806380220684, "f1-score": 0.9613142094248972, "support": 2597}, "weighted avg": {"precision": 0.9648529133520108, "recall": 0.9641894493646516, "f1-score": 0.9639417238896162, "support": 2597}}{"confusion_matrix": [[[898, 77], [16, 1606]]], "accuracy_score": 0.9641894493646516}