{"pred==1,ret>0 %": 0.6575342465753424, "pred==1 and side=-1,ret>0 %": 0.66996699669967, "pred==1 and side==1, ret>0 %": 0.6441281138790036}{"pred==0,ret<0 %": 0.36585365853658536, "pred==0 and side=-1,ret<0 %": 0.37735849056603776, "pred==0 and side==1, ret<0 %": 0.35714285714285715}