{"0.0": {"precision": 0.9852941176470589, "recall": 0.9214145383104125, "f1-score": 0.9522842639593908, "support": 1018}, "1.0": {"precision": 0.9572649572649573, "recall": 0.9922480620155039, "f1-score": 0.974442631865144, "support": 1806}, "accuracy": 0.96671388101983, "macro avg": {"precision": 0.9712795374560081, "recall": 0.9568313001629583, "f1-score": 0.9633634479122675, "support": 2824}, "weighted avg": {"precision": 0.9673689534650209, "recall": 0.96671388101983, "f1-score": 0.966454948250393, "support": 2824}}{"confusion_matrix": [[[938, 80], [14, 1792]]], "accuracy_score": 0.96671388101983}