{"pred==1,ret>0 %": 0.6058631921824105, "pred==1 and side=-1,ret>0 %": 0.6363636363636364, "pred==1 and side==1, ret>0 %": 0.5792682926829268}{"pred==0,ret<0 %": 0.3419354838709677, "pred==0 and side=-1,ret<0 %": 0.359375, "pred==0 and side==1, ret<0 %": 0.32967032967032966}