{"0.0": {"precision": 0.9893939393939394, "recall": 0.9617083946980854, "f1-score": 0.9753547423450336, "support": 679}, "1.0": {"precision": 0.9780405405405406, "recall": 0.9939914163090129, "f1-score": 0.9859514687100894, "support": 1165}, "accuracy": 0.9821041214750542, "macro avg": {"precision": 0.98371723996724, "recall": 0.9778499055035492, "f1-score": 0.9806531055275616, "support": 1844}, "weighted avg": {"precision": 0.9822211033504418, "recall": 0.9821041214750542, "f1-score": 0.9820495287958416, "support": 1844}}{"confusion_matrix": [[[653, 26], [7, 1158]]], "accuracy_score": 0.9821041214750542}