{"pred==1,ret>0 %": 0.5384615384615384, "pred==1 and side=-1,ret>0 %": 0.5, "pred==1 and side==1, ret>0 %": 0.6666666666666666}{"pred==0,ret<0 %": 0.387987012987013, "pred==0 and side=-1,ret<0 %": 0.436, "pred==0 and side==1, ret<0 %": 0.3551912568306011}