{"0.0": {"precision": 0.5113636363636364, "recall": 0.9752321981424149, "f1-score": 0.670926517571885, "support": 323}, "1.0": {"precision": 0.38461538461538464, "recall": 0.016339869281045753, "f1-score": 0.031347962382445145, "support": 306}, "accuracy": 0.5087440381558028, "macro avg": {"precision": 0.4479895104895105, "recall": 0.49578603371173036, "f1-score": 0.3511372399771651, "support": 629}, "weighted avg": {"precision": 0.4497023247023247, "recall": 0.5087440381558028, "f1-score": 0.35978019342567097, "support": 629}}{"confusion_matrix": [[[315, 8], [301, 5]]], "accuracy_score": 0.5087440381558028}