{"0.0": {"precision": 0.6214227309893704, "recall": 0.9844559585492227, "f1-score": 0.761904761904762, "support": 1544}, "1.0": {"precision": 0.6417910447761194, "recall": 0.04437564499484004, "f1-score": 0.08301158301158301, "support": 969}, "accuracy": 0.6219657779546359, "macro avg": {"precision": 0.6316068878827449, "recall": 0.5144158017720314, "f1-score": 0.4224581724581725, "support": 2513}, "weighted avg": {"precision": 0.6292766490392548, "recall": 0.6219657779546359, "f1-score": 0.5001270100752792, "support": 2513}}{"confusion_matrix": [[[1520, 24], [926, 43]]], "accuracy_score": 0.6219657779546359}