{"pred==1,ret>0 %": 0.6569767441860465, "pred==1 and side=-1,ret>0 %": 0.6676384839650146, "pred==1 and side==1, ret>0 %": 0.6463768115942029}{"pred==0,ret<0 %": 0.47368421052631576, "pred==0 and side=-1,ret<0 %": 0.46153846153846156, "pred==0 and side==1, ret<0 %": 0.5}