{"0.0": {"precision": 0.8017456359102244, "recall": 0.6877005347593583, "f1-score": 0.7403569372481289, "support": 935}, "1.0": {"precision": 0.7804511278195488, "recall": 0.8671679197994987, "f1-score": 0.8215275029679461, "support": 1197}, "accuracy": 0.7884615384615384, "macro avg": {"precision": 0.7910983818648867, "recall": 0.7774342272794286, "f1-score": 0.7809422201080375, "support": 2132}, "weighted avg": {"precision": 0.7897899482064069, "recall": 0.7884615384615384, "f1-score": 0.7859297173450431, "support": 2132}}{"confusion_matrix": [[[643, 292], [159, 1038]]], "accuracy_score": 0.7884615384615384}