{"0.0": {"precision": 0.4481132075471698, "recall": 0.40425531914893614, "f1-score": 0.42505592841163314, "support": 235}, "1.0": {"precision": 0.5638629283489096, "recall": 0.6073825503355704, "f1-score": 0.5848142164781907, "support": 298}, "accuracy": 0.5178236397748592, "macro avg": {"precision": 0.5059880679480397, "recall": 0.5058189347422533, "f1-score": 0.5049350724449119, "support": 533}, "weighted avg": {"precision": 0.5128288112974858, "recall": 0.5178236397748592, "f1-score": 0.5143766973494083, "support": 533}}{"confusion_matrix": [[[95, 140], [117, 181]]], "accuracy_score": 0.5178236397748592}