{"0.0": {"precision": 0.6964980544747081, "recall": 0.19144385026737967, "f1-score": 0.30033557046979864, "support": 935}, "1.0": {"precision": 0.5968, "recall": 0.9348370927318296, "f1-score": 0.728515625, "support": 1197}, "accuracy": 0.6088180112570356, "macro avg": {"precision": 0.6466490272373541, "recall": 0.5631404714996047, "f1-score": 0.5144255977348993, "support": 2132}, "weighted avg": {"precision": 0.640523114884546, "recall": 0.6088180112570356, "f1-score": 0.540734972567665, "support": 2132}}{"confusion_matrix": [[[179, 756], [78, 1119]]], "accuracy_score": 0.6088180112570356}