{"pred==0,ret<0 %": 0.4393939393939394, "pred==0 and side=-1,ret<0 %": 0.5, "pred==0 and side==1, ret<0 %": 0.21428571428571427}