{
    "0.0": {
        "precision": 0.8141263940520446,
        "recall": 0.3225331369661267,
        "f1-score": 0.4620253164556962,
        "support": 679
    },
    "1.0": {
        "precision": 0.6425796425796426,
        "recall": 0.942987457240593,
        "f1-score": 0.7643253234750462,
        "support": 877
    },
    "accuracy": 0.6722365038560412,
    "macro avg": {
        "precision": 0.7283530183158435,
        "recall": 0.6327602971033598,
        "f1-score": 0.6131753199653712,
        "support": 1556
    },
    "weighted avg": {
        "precision": 0.7174384113776895,
        "recall": 0.6722365038560412,
        "f1-score": 0.6324090607718723,
        "support": 1556
    }
}{
    "confusion_matrix": [
        [
            [
                219,
                460
            ],
            [
                50,
                827
            ]
        ]
    ],
    "accuracy_score": 0.6722365038560412
}