{
    "0.0": {
        "precision": 0.5303030303030303,
        "recall": 0.2046783625730994,
        "f1-score": 0.2953586497890295,
        "support": 171
    },
    "1.0": {
        "precision": 0.5802469135802469,
        "recall": 0.8584474885844748,
        "f1-score": 0.6924493554327809,
        "support": 219
    },
    "accuracy": 0.5717948717948718,
    "macro avg": {
        "precision": 0.5552749719416386,
        "recall": 0.5315629255787871,
        "f1-score": 0.49390400261090517,
        "support": 390
    },
    "weighted avg": {
        "precision": 0.558348441681775,
        "recall": 0.5717948717948718,
        "f1-score": 0.5183403537274437,
        "support": 390
    }
}{
    "confusion_matrix": [
        [
            [
                35,
                136
            ],
            [
                31,
                188
            ]
        ]
    ],
    "accuracy_score": 0.5717948717948718
}