{"pred==1,ret>0 %": 0.6612903225806451, "pred==1 and side=-1,ret>0 %": 0.652046783625731, "pred==1 and side==1, ret>0 %": 0.6691542288557214}{}