{"0.0": {"precision": 0.0, "recall": 0.0, "f1-score": 0.0, "support": 256}, "1.0": {"precision": 0.6559139784946236, "recall": 1.0, "f1-score": 0.7922077922077922, "support": 488}, "accuracy": 0.6559139784946236, "macro avg": {"precision": 0.3279569892473118, "recall": 0.5, "f1-score": 0.3961038961038961, "support": 744}, "weighted avg": {"precision": 0.4302231471846456, "recall": 0.6559139784946236, "f1-score": 0.5196201647814551, "support": 744}}{"confusion_matrix": [[[0, 256], [0, 488]]], "accuracy_score": 0.6559139784946236}