{"0.0": {"precision": 0.8043478260869565, "recall": 0.0774869109947644, "f1-score": 0.1413562559694365, "support": 955}, "1.0": {"precision": 0.5739845261121856, "recall": 0.9850622406639005, "f1-score": 0.7253284448518179, "support": 1205}, "accuracy": 0.5837962962962963, "macro avg": {"precision": 0.6891661760995711, "recall": 0.5312745758293325, "f1-score": 0.4333423504106272, "support": 2160}, "weighted avg": {"precision": 0.6758349666102904, "recall": 0.5837962962962963, "f1-score": 0.4671370372672465, "support": 2160}}{"confusion_matrix": [[[74, 881], [18, 1187]]], "accuracy_score": 0.5837962962962963}