{"0.0": {"precision": 0.42358078602620086, "recall": 0.46859903381642515, "f1-score": 0.44495412844036697, "support": 207}, "1.0": {"precision": 0.65625, "recall": 0.6140350877192983, "f1-score": 0.634441087613293, "support": 342}, "accuracy": 0.5591985428051002, "macro avg": {"precision": 0.5399153930131004, "recall": 0.5413170607678617, "f1-score": 0.53969760802683, "support": 549}, "weighted avg": {"precision": 0.5685222635836494, "recall": 0.5591985428051002, "f1-score": 0.5629951849743209, "support": 549}}{"confusion_matrix": [[[97, 110], [132, 210]]], "accuracy_score": 0.5591985428051002}