{"./test/BNBUSDT-1d-data.csv": 36208240.09886221}{"./test/BTCUSDT-1d-data.csv": 7052210.292399648}{"./test/BTCUSDT-1d-data.csv": 7052210.292399648}{"./test/BTCUSDT-1d-data.csv": 7052210.292399648}{"./test/BTCUSDT-1d-data.csv": 7052210.292399648}