{"pred==0,ret<0 %": 0.2938388625592417, "pred==0 and side=-1,ret<0 %": 0.42718446601941745, "pred==0 and side==1, ret<0 %": 0.2727272727272727}