{"0.0": {"precision": 0.45023696682464454, "recall": 0.3941908713692946, "f1-score": 0.4203539823008849, "support": 241}, "1.0": {"precision": 0.5575757575757576, "recall": 0.6133333333333333, "f1-score": 0.5841269841269842, "support": 300}, "accuracy": 0.5157116451016636, "macro avg": {"precision": 0.5039063622002011, "recall": 0.5037621023513139, "f1-score": 0.5022404832139346, "support": 541}, "weighted avg": {"precision": 0.5097594016219347, "recall": 0.5157116451016636, "f1-score": 0.5111708040159123, "support": 541}}{"confusion_matrix": [[[95, 146], [116, 184]]], "accuracy_score": 0.5157116451016636}