{"0.0": {"precision": 1.0, "recall": 0.8293193717277487, "f1-score": 0.9066971951917573, "support": 955}, "1.0": {"precision": 0.8808479532163743, "recall": 1.0, "f1-score": 0.9366498251068791, "support": 1205}, "accuracy": 0.924537037037037, "macro avg": {"precision": 0.9404239766081872, "recall": 0.9146596858638744, "f1-score": 0.9216735101493182, "support": 2160}, "weighted avg": {"precision": 0.933528603530431, "recall": 0.924537037037037, "f1-score": 0.923406879936073, "support": 2160}}{"confusion_matrix": [[[792, 163], [0, 1205]]], "accuracy_score": 0.924537037037037}