{"pred==1,ret>0 %": 0.6230529595015576, "pred==1 and side=-1,ret>0 %": 0.5374149659863946, "pred==1 and side==1, ret>0 %": 0.6954022988505747}{"pred==0,ret<0 %": 0.39622641509433965, "pred==0 and side=-1,ret<0 %": 0.4782608695652174, "pred==0 and side==1, ret<0 %": 0.24324324324324326}