{"pred==1,ret>0 %": 0.6431535269709544, "pred==1 and side=-1,ret>0 %": 0.6118721461187214, "pred==1 and side==1, ret>0 %": 0.6692015209125475}{"pred==0,ret<0 %": 0.3880597014925373, "pred==0 and side=-1,ret<0 %": 0.4146341463414634, "pred==0 and side==1, ret<0 %": 0.34615384615384615}