{"0.0": {"precision": 0.40298507462686567, "recall": 0.13043478260869565, "f1-score": 0.19708029197080293, "support": 207}, "1.0": {"precision": 0.6265560165975104, "recall": 0.8830409356725146, "f1-score": 0.7330097087378641, "support": 342}, "accuracy": 0.599271402550091, "macro avg": {"precision": 0.514770545612188, "recall": 0.5067378591406051, "f1-score": 0.4650450003543335, "support": 549}, "weighted avg": {"precision": 0.5422587761823493, "recall": 0.599271402550091, "f1-score": 0.5309379614322508, "support": 549}}{"confusion_matrix": [[[27, 180], [40, 302]]], "accuracy_score": 0.599271402550091}