{"0.0": {"precision": 0.8194444444444444, "recall": 0.0627659574468085, "f1-score": 0.11660079051383399, "support": 940}, "1.0": {"precision": 0.5850211964201601, "recall": 0.9896414342629483, "f1-score": 0.7353463587921847, "support": 1255}, "accuracy": 0.5927107061503417, "macro avg": {"precision": 0.7022328204323023, "recall": 0.5262036958548784, "f1-score": 0.42597357465300933, "support": 2195}, "weighted avg": {"precision": 0.6854120178975301, "recall": 0.5927107061503417, "f1-score": 0.4703710357025948, "support": 2195}}{"confusion_matrix": [[[59, 881], [13, 1242]]], "accuracy_score": 0.5927107061503417}