{"0.0": {"precision": 0.3877551020408163, "recall": 0.1111111111111111, "f1-score": 0.1727272727272727, "support": 171}, "1.0": {"precision": 0.5542521994134897, "recall": 0.863013698630137, "f1-score": 0.675, "support": 219}, "accuracy": 0.5333333333333333, "macro avg": {"precision": 0.471003650727153, "recall": 0.487062404870624, "f1-score": 0.4238636363636364, "support": 390}, "weighted avg": {"precision": 0.48124962595008675, "recall": 0.5333333333333333, "f1-score": 0.45477272727272733, "support": 390}}{"confusion_matrix": [[[19, 152], [30, 189]]], "accuracy_score": 0.5333333333333333}