{"0.0": {"precision": 0.73125, "recall": 0.1723122238586156, "f1-score": 0.2789034564958284, "support": 679}, "1.0": {"precision": 0.5974212034383954, "recall": 0.95096921322691, "f1-score": 0.7338319401671801, "support": 877}, "accuracy": 0.6111825192802056, "macro avg": {"precision": 0.6643356017191977, "recall": 0.5616407185427628, "f1-score": 0.5063676983315042, "support": 1556}, "weighted avg": {"precision": 0.6558207875420776, "recall": 0.6111825192802056, "f1-score": 0.5353123769198486, "support": 1556}}{"confusion_matrix": [[[117, 562], [43, 834]]], "accuracy_score": 0.6111825192802056}