{"pred==1,ret>0 %": 0.6476190476190476, "pred==1 and side=-1,ret>0 %": 0.6060606060606061, "pred==1 and side==1, ret>0 %": 0.6775956284153005}{}