{"long": {">0": 0.13698927323128843, "-1%~0": 0.5340243461492106, "-2%~1%": 0.19447993250572496, "<-2%": 0.13346992888996023}, "short": {"0~0.01": 0.13040858141496928, "0.01~0.02": 0.0048933349403398815, ">0.02": 0.0016873568759792697, "<0": 0.8619742075448957}}