{"pred==0,ret<0 %": 0.45454545454545453, "pred==0 and side=-1,ret<0 %": 0.4838709677419355}