{
    "0.0": {
        "precision": 0.45454545454545453,
        "recall": 0.06224066390041494,
        "f1-score": 0.1094890510948905,
        "support": 241
    },
    "1.0": {
        "precision": 0.5551181102362205,
        "recall": 0.94,
        "f1-score": 0.6980198019801981,
        "support": 300
    },
    "accuracy": 0.5489833641404805,
    "macro avg": {
        "precision": 0.5048317823908375,
        "recall": 0.5011203319502074,
        "f1-score": 0.4037544265375443,
        "support": 541
    },
    "weighted avg": {
        "precision": 0.5103158735976353,
        "recall": 0.5489833641404805,
        "f1-score": 0.43584621424755643,
        "support": 541
    }
}{
    "confusion_matrix": [
        [
            [
                15,
                226
            ],
            [
                18,
                282
            ]
        ]
    ],
    "accuracy_score": 0.5489833641404805
}