{"0.0": {"precision": 0.4444444444444444, "recall": 0.023391812865497075, "f1-score": 0.044444444444444446, "support": 171}, "1.0": {"precision": 0.5616797900262467, "recall": 0.9771689497716894, "f1-score": 0.7133333333333334, "support": 219}, "accuracy": 0.558974358974359, "macro avg": {"precision": 0.5030621172353456, "recall": 0.5002803813185932, "f1-score": 0.3788888888888889, "support": 390}, "weighted avg": {"precision": 0.5102766000403796, "recall": 0.558974358974359, "f1-score": 0.42005128205128206, "support": 390}}{"confusion_matrix": [[[4, 167], [5, 214]]], "accuracy_score": 0.558974358974359}