{"0.0": {"precision": 1.0, "recall": 0.011782032400589101, "f1-score": 0.023289665211062592, "support": 679}, "1.0": {"precision": 0.5665374677002584, "recall": 1.0, "f1-score": 0.723298969072165, "support": 877}, "accuracy": 0.5687660668380463, "macro avg": {"precision": 0.7832687338501292, "recall": 0.5058910162002945, "f1-score": 0.37329431714161376, "support": 1556}, "weighted avg": {"precision": 0.7556898195200042, "recall": 0.5687660668380463, "f1-score": 0.41783218416105405, "support": 1556}}{"confusion_matrix": [[[8, 671], [0, 877]]], "accuracy_score": 0.5687660668380463}