{"0.0": {"precision": 0.3838383838383838, "recall": 0.3958333333333333, "f1-score": 0.38974358974358975, "support": 192}, "1.0": {"precision": 0.6233766233766234, "recall": 0.6114649681528662, "f1-score": 0.6173633440514469, "support": 314}, "accuracy": 0.5296442687747036, "macro avg": {"precision": 0.5036075036075036, "recall": 0.5036491507430998, "f1-score": 0.5035534668975183, "support": 506}, "weighted avg": {"precision": 0.53248464315658, "recall": 0.5296442687747036, "f1-score": 0.5309937930097304, "support": 506}}{"confusion_matrix": [[[76, 116], [122, 192]]], "accuracy_score": 0.5296442687747036}