{"0.0": {"precision": 0.0, "recall": 0.0, "f1-score": 0.0, "support": 291}, "1.0": {"precision": 0.6411837237977805, "recall": 0.9980806142034548, "f1-score": 0.7807807807807807, "support": 521}, "accuracy": 0.6403940886699507, "macro avg": {"precision": 0.3205918618988903, "recall": 0.4990403071017274, "f1-score": 0.39039039039039036, "support": 812}, "weighted avg": {"precision": 0.41139990159931483, "recall": 0.6403940886699507, "f1-score": 0.5009689492448113, "support": 812}}{"confusion_matrix": [[[0, 291], [1, 520]]], "accuracy_score": 0.6403940886699507}