{
    "pred==0,ret<0 %": 0.3469387755102041,
    "pred==0 and side=-1,ret<0 %": 0.43333333333333335,
    "pred==0 and side==1, ret<0 %": 0.21052631578947367
}