{"pred==1,ret>0 %": 0.6397941680960549, "pred==1 and side=-1,ret>0 %": 0.6062992125984252, "pred==1 and side==1, ret>0 %": 0.6656534954407295}{"pred==0,ret<0 %": 0.2553191489361702, "pred==0 and side=-1,ret<0 %": 0.4, "pred==0 and side==1, ret<0 %": 0.21621621621621623}