{"0.0": {"precision": 0.83, "recall": 1.0, "f1-score": 0.9071038251366119, "support": 83}, "1.0": {"precision": 0.0, "recall": 0.0, "f1-score": 0.0, "support": 17}, "accuracy": 0.83, "macro avg": {"precision": 0.415, "recall": 0.5, "f1-score": 0.45355191256830596, "support": 100}, "weighted avg": {"precision": 0.6889, "recall": 0.83, "f1-score": 0.7528961748633879, "support": 100}}{"confusion_matrix": [[[83, 0], [17, 0]]], "accuracy_score": 0.83}