{"0.0": {"precision": 0.2553191489361702, "recall": 0.05194805194805195, "f1-score": 0.08633093525179857, "support": 231}, "1.0": {"precision": 0.6243567753001715, "recall": 0.9122807017543859, "f1-score": 0.7413441955193482, "support": 399}, "accuracy": 0.5968253968253968, "macro avg": {"precision": 0.43983796211817083, "recall": 0.48211437685121894, "f1-score": 0.41383756538557337, "support": 630}, "weighted avg": {"precision": 0.4890429789667044, "recall": 0.5968253968253968, "f1-score": 0.50117266675458, "support": 630}}{"confusion_matrix": [[[12, 219], [35, 364]]], "accuracy_score": 0.5968253968253968}