{"0.0": {"precision": 0.5126582278481012, "recall": 0.07751196172248803, "f1-score": 0.13466334164588528, "support": 1045}, "1.0": {"precision": 0.5911789652247668, "recall": 0.947654656696125, "f1-score": 0.728127448419953, "support": 1471}, "accuracy": 0.5862480127186009, "macro avg": {"precision": 0.5519185965364339, "recall": 0.5125833092093065, "f1-score": 0.4313953950329191, "support": 2516}, "weighted avg": {"precision": 0.5585660198517081, "recall": 0.5862480127186009, "f1-score": 0.48163699071768723, "support": 2516}}{"confusion_matrix": [[[81, 964], [77, 1394]]], "accuracy_score": 0.5862480127186009}