{"pred==0,ret<0 %": 0.24324324324324326, "pred==0 and side=-1,ret<0 %": 0.28125}