{"0.0": {"precision": 0.5135135135135135, "recall": 0.07883817427385892, "f1-score": 0.13669064748201437, "support": 241}, "1.0": {"precision": 0.5595238095238095, "recall": 0.94, "f1-score": 0.7014925373134329, "support": 300}, "accuracy": 0.55637707948244, "macro avg": {"precision": 0.5365186615186615, "recall": 0.5094190871369294, "f1-score": 0.41909159239772364, "support": 541}, "weighted avg": {"precision": 0.5390275408759697, "recall": 0.55637707948244, "f1-score": 0.4498894773330782, "support": 541}}{"confusion_matrix": [[[19, 222], [18, 282]]], "accuracy_score": 0.55637707948244}