{"pred==1,ret>0 %": 0.6313465783664459, "pred==1 and side=-1,ret>0 %": 0.5288461538461539, "pred==1 and side==1, ret>0 %": 0.7183673469387755}{"pred==0,ret<0 %": 0.475, "pred==0 and side=-1,ret<0 %": 0.4675324675324675, "pred==0 and side==1, ret<0 %": 0.6666666666666666}