{"long": {">0": 0.12788854191688687, "-1%~0": 0.6454239730963248, "-2%~1%": 0.14237328849387462, "<-2%": 0.08392985827528225}, "short": {"0~0.01": 0.12277203939466731, "0.01~0.02": 0.0037953398991112178, ">0.02": 0.0013211626231083354, "<0": 0.8717271198654816}}