{"0.0": {"precision": 0.6434108527131783, "recall": 1.0, "f1-score": 0.7830188679245284, "support": 1411}, "1.0": {"precision": 0.0, "recall": 0.0, "f1-score": 0.0, "support": 782}, "accuracy": 0.6434108527131783, "macro avg": {"precision": 0.32170542635658916, "recall": 0.5, "f1-score": 0.3915094339622642, "support": 2193}, "weighted avg": {"precision": 0.4139775253890992, "recall": 0.6434108527131783, "f1-score": 0.5038028375018283, "support": 2193}}{"confusion_matrix": [[[1411, 0], [782, 0]]], "accuracy_score": 0.6434108527131783}