{"0.0": {"precision": 0.49544626593806923, "recall": 1.0, "f1-score": 0.6626065773447016, "support": 272}, "1.0": {"precision": 0.0, "recall": 0.0, "f1-score": 0.0, "support": 277}, "accuracy": 0.49544626593806923, "macro avg": {"precision": 0.24772313296903462, "recall": 0.5, "f1-score": 0.3313032886723508, "support": 549}, "weighted avg": {"precision": 0.24546700243197603, "recall": 0.49544626593806923, "f1-score": 0.3282859545314369, "support": 549}}{"confusion_matrix": [[[272, 0], [277, 0]]], "accuracy_score": 0.49544626593806923}