{"0.0": {"precision": 0.993006993006993, "recall": 0.13948919449901767, "f1-score": 0.24461670973298882, "support": 1018}, "1.0": {"precision": 0.6732562476687803, "recall": 0.9994462901439646, "f1-score": 0.8045464675729888, "support": 1806}, "accuracy": 0.6894475920679887, "macro avg": {"precision": 0.8331316203378867, "recall": 0.5694677423214911, "f1-score": 0.5245815886529888, "support": 2824}, "weighted avg": {"precision": 0.7885205036016064, "recall": 0.6894475920679887, "f1-score": 0.6027021001929889, "support": 2824}}{"confusion_matrix": [[[142, 876], [1, 1805]]], "accuracy_score": 0.6894475920679887}