{"0.0": {"precision": 0.5263157894736842, "recall": 0.039525691699604744, "f1-score": 0.07352941176470588, "support": 253}, "1.0": {"precision": 0.6468023255813954, "recall": 0.9801762114537445, "f1-score": 0.7793345008756568, "support": 454}, "accuracy": 0.6435643564356436, "macro avg": {"precision": 0.5865590575275398, "recall": 0.5098509515766746, "f1-score": 0.4264319563201813, "support": 707}, "weighted avg": {"precision": 0.6036862101142795, "recall": 0.6435643564356436, "f1-score": 0.5267620998218088, "support": 707}}{"confusion_matrix": [[[10, 243], [9, 445]]], "accuracy_score": 0.6435643564356436}