{"./test/BTCUSDT-1d-data.csv": 7097226.987323534}{"./test/BTCUSDT-1d-data.csv": 7097226.987323534}{"null": 7090171.997038653}{"null": 701263.9601391816}{"null": 451419.6825751289}{"null": 701268.8758177259}{"null": 451421.0429805698}{"null": 236622.68647302434}{"null": 725407.8885085311}{"./BTCUSDT/daily_timebar.csv": 7083520.609793586}{"./BTCUSDT/daily_timebar.csv": 7083520.609793586}{"./BTCUSDT/daily_timebar.csv": 7083520.609793586}{"null": 725407.8885085311}{"null": 725407.8885085311}{"null": 725407.8885085311}
{"null": 376644.67893067235}{"null": 376644.67893067235}{"null": 1913865.4926872435}{"null": 67313.75955150138}{"null": 118311.34323651217}{"null": 350634.43790886295}{"null": 118892.13862749375}{"null": 225710.5214902849}{"null": 225710.5214902849}{"null": 118892.13862749375}{"null": 7127690.211612402}{"null": 3563845.105806201}{"null": 3563845.105806201}{"null": 7127690.211612402}{"null": 7127690.211612402}{"null": 33656.87977575069}{"null": 1913865.4926872435}{"null": 725407.8885085311}{"null": 7127690.211612402}{"null": 725407.8885085311}{"null": 1913865.4926872435}{"null": 67313.75955150138}