{"./test/BTCUSDT-1d-data.csv": 7097226.987323534}{"./test/BTCUSDT-1d-data.csv": 7097226.987323534}{"null": 7090171.997038653}{"null": 701263.9601391816}{"null": 451419.6825751289}{"null": 701268.8758177259}{"null": 451421.0429805698}{"null": 236622.68647302434}{"null": 725407.8885085311}