{"./test/BTCUSDT-1d-data.csv": 7097226.987323534}{"./test/BTCUSDT-1d-data.csv": 7097226.987323534}{"null": 7090171.997038653}