{"0.0": {"precision": 0.3821138211382114, "recall": 0.1857707509881423, "f1-score": 0.25000000000000006, "support": 253}, "1.0": {"precision": 0.6472602739726028, "recall": 0.8325991189427313, "f1-score": 0.7283236994219653, "support": 454}, "accuracy": 0.6011315417256011, "macro avg": {"precision": 0.5146870475554071, "recall": 0.5091849349654368, "f1-score": 0.48916184971098264, "support": 707}, "weighted avg": {"precision": 0.5523775970742987, "recall": 0.6011315417256011, "f1-score": 0.5571555297561135, "support": 707}}{"confusion_matrix": [[[47, 206], [76, 378]]], "accuracy_score": 0.6011315417256011}