{"pred==1,ret>0 %": 0.6393129770992366, "pred==1 and side=-1,ret>0 %": 0.628099173553719, "pred==1 and side==1, ret>0 %": 0.648936170212766}{"pred==0,ret<0 %": 0.3263888888888889, "pred==0 and side=-1,ret<0 %": 0.35384615384615387, "pred==0 and side==1, ret<0 %": 0.3037974683544304}