{"0.0": {"precision": 0.7579908675799086, "recall": 0.6957250628667225, "f1-score": 0.7255244755244755, "support": 1193}, "1.0": {"precision": 0.8312412831241283, "recall": 0.8709206039941549, "f1-score": 0.8506184586108468, "support": 2053}, "accuracy": 0.8065311152187308, "macro avg": {"precision": 0.7946160753520184, "recall": 0.7833228334304387, "f1-score": 0.7880714670676612, "support": 3246}, "weighted avg": {"precision": 0.8043196116071061, "recall": 0.8065311152187308, "f1-score": 0.8046427587272851, "support": 3246}}{"confusion_matrix": [[[830, 363], [265, 1788]]], "accuracy_score": 0.8065311152187308}