{"0.0": {"precision": 0.3263888888888889, "recall": 0.3230240549828179, "f1-score": 0.32469775474956825, "support": 291}, "1.0": {"precision": 0.6240458015267175, "recall": 0.6276391554702495, "f1-score": 0.6258373205741626, "support": 521}, "accuracy": 0.5184729064039408, "macro avg": {"precision": 0.47521734520780323, "recall": 0.4753316052265337, "f1-score": 0.47526753766186547, "support": 812}, "weighted avg": {"precision": 0.5173731887464119, "recall": 0.5184729064039408, "f1-score": 0.5179166141025408, "support": 812}}{"confusion_matrix": [[[94, 197], [194, 327]]], "accuracy_score": 0.5184729064039408}