{"pred==1,ret>0 %": 0.6625, "pred==1 and side=-1,ret>0 %": 0.6544117647058824, "pred==1 and side==1, ret>0 %": 0.6684782608695652}{"pred==0,ret<0 %": 0.3930131004366812, "pred==0 and side=-1,ret<0 %": 0.4435483870967742, "pred==0 and side==1, ret<0 %": 0.3333333333333333}