{"0.0": {"precision": 0.6832298136645962, "recall": 0.11702127659574468, "f1-score": 0.19981834695731152, "support": 940}, "1.0": {"precision": 0.591937069813176, "recall": 0.9593625498007968, "f1-score": 0.7321374277896017, "support": 1255}, "accuracy": 0.5986332574031891, "macro avg": {"precision": 0.6375834417388861, "recall": 0.5381919131982708, "f1-score": 0.4659778873734566, "support": 2195}, "weighted avg": {"precision": 0.6310328234443081, "recall": 0.5986332574031891, "f1-score": 0.5041739034240651, "support": 2195}}{"confusion_matrix": [[[110, 830], [51, 1204]]], "accuracy_score": 0.5986332574031891}