{"pred==1,ret>0 %": 0.6746203904555315, "pred==1 and side=-1,ret>0 %": 0.6636771300448431, "pred==1 and side==1, ret>0 %": 0.6848739495798319}{"pred==0,ret<0 %": 0.31382978723404253, "pred==0 and side=-1,ret<0 %": 0.32038834951456313, "pred==0 and side==1, ret<0 %": 0.3058823529411765}