{"0.0": {"precision": 0.7122940430925222, "recall": 0.5991471215351812, "f1-score": 0.650839606253619, "support": 938}, "1.0": {"precision": 0.7918050941306756, "recall": 0.8630054315027158, "f1-score": 0.8258735200693041, "support": 1657}, "accuracy": 0.7676300578034682, "macro avg": {"precision": 0.7520495686115989, "recall": 0.7310762765189485, "f1-score": 0.7383565631614616, "support": 2595}, "weighted avg": {"precision": 0.7630646833893314, "recall": 0.7676300578034682, "f1-score": 0.7626049993914188, "support": 2595}}{"confusion_matrix": [[[562, 376], [227, 1430]]], "accuracy_score": 0.7676300578034682}