{"0.0": {"precision": 0.32978723404255317, "recall": 0.2857142857142857, "f1-score": 0.3061728395061728, "support": 217}, "1.0": {"precision": 0.6637744034707158, "recall": 0.7083333333333334, "f1-score": 0.685330347144457, "support": 432}, "accuracy": 0.5670261941448382, "macro avg": {"precision": 0.4967808187566345, "recall": 0.49702380952380953, "f1-score": 0.4957515933253149, "support": 649}, "weighted avg": {"precision": 0.5521022682381869, "recall": 0.5670261941448382, "f1-score": 0.5585550325720261, "support": 649}}{"confusion_matrix": [[[62, 155], [126, 306]]], "accuracy_score": 0.5670261941448382}