{"0.0": {"precision": 0.46296296296296297, "recall": 0.29239766081871343, "f1-score": 0.3584229390681004, "support": 171}, "1.0": {"precision": 0.5709219858156028, "recall": 0.7351598173515982, "f1-score": 0.6427145708582834, "support": 219}, "accuracy": 0.541025641025641, "macro avg": {"precision": 0.5169424743892829, "recall": 0.5137787390851558, "f1-score": 0.5005687549631919, "support": 390}, "weighted avg": {"precision": 0.52358610656483, "recall": 0.541025641025641, "f1-score": 0.5180636246118187, "support": 390}}{"confusion_matrix": [[[50, 121], [58, 161]]], "accuracy_score": 0.541025641025641}