{"0.0": {"precision": 0.7431693989071039, "recall": 0.20029455081001474, "f1-score": 0.31554524361948955, "support": 679}, "1.0": {"precision": 0.6045156591405682, "recall": 0.9464082098061574, "f1-score": 0.7377777777777779, "support": 877}, "accuracy": 0.6208226221079691, "macro avg": {"precision": 0.673842529023836, "recall": 0.5733513803080861, "f1-score": 0.5266615106986337, "support": 1556}, "weighted avg": {"precision": 0.6650207293857338, "recall": 0.6208226221079691, "f1-score": 0.5535259200056198, "support": 1556}}{"confusion_matrix": [[[136, 543], [47, 830]]], "accuracy_score": 0.6208226221079691}