{
    "pred==0,ret<0 %": 0.39655172413793105,
    "pred==0 and side=-1,ret<0 %": 0.6296296296296297,
    "pred==0 and side==1, ret<0 %": 0.4
}