{
    "0.0": {
        "precision": 0.7126436781609196,
        "recall": 0.19476439790575917,
        "f1-score": 0.305921052631579,
        "support": 955
    },
    "1.0": {
        "precision": 0.5950500263296472,
        "recall": 0.9377593360995851,
        "f1-score": 0.7280927835051546,
        "support": 1205
    },
    "accuracy": 0.6092592592592593,
    "macro avg": {
        "precision": 0.6538468522452834,
        "recall": 0.5662618670026721,
        "f1-score": 0.5170069180683667,
        "support": 2160
    },
    "weighted avg": {
        "precision": 0.6470416640606033,
        "recall": 0.6092592592592593,
        "f1-score": 0.5414381524939209,
        "support": 2160
    }
}{
    "confusion_matrix": [
        [
            [
                186,
                769
            ],
            [
                75,
                1130
            ]
        ]
    ],
    "accuracy_score": 0.6092592592592593
}