{
    "0.0": {
        "precision": 0.5,
        "recall": 0.12033195020746888,
        "f1-score": 0.1939799331103679,
        "support": 241
    },
    "1.0": {
        "precision": 0.5610766045548654,
        "recall": 0.9033333333333333,
        "f1-score": 0.6922094508301405,
        "support": 300
    },
    "accuracy": 0.5545286506469501,
    "macro avg": {
        "precision": 0.5305383022774327,
        "recall": 0.5118326417704011,
        "f1-score": 0.4430946919702542,
        "support": 541
    },
    "weighted avg": {
        "precision": 0.533868727109907,
        "recall": 0.5545286506469501,
        "f1-score": 0.4702624752839941,
        "support": 541
    }
}{
    "confusion_matrix": [
        [
            [
                29,
                212
            ],
            [
                29,
                271
            ]
        ]
    ],
    "accuracy_score": 0.5545286506469501
}