{"0.0": {"precision": 0.0, "recall": 0.0, "f1-score": 0.0, "support": 278}, "1.0": {"precision": 0.6408268733850129, "recall": 1.0, "f1-score": 0.7811023622047244, "support": 496}, "accuracy": 0.6408268733850129, "macro avg": {"precision": 0.32041343669250644, "recall": 0.5, "f1-score": 0.3905511811023622, "support": 774}, "weighted avg": {"precision": 0.41065908165241133, "recall": 0.6408268733850129, "f1-score": 0.5005513845653015, "support": 774}}{"confusion_matrix": [[[0, 278], [0, 496]]], "accuracy_score": 0.6408268733850129}