{"0.0": {"precision": 0.0, "recall": 0.0, "f1-score": 0.0, "support": 1204}, "1.0": {"precision": 0.610608020698577, "recall": 1.0, "f1-score": 0.7582329317269076, "support": 1888}, "accuracy": 0.610608020698577, "macro avg": {"precision": 0.3053040103492885, "recall": 0.5, "f1-score": 0.3791164658634538, "support": 3092}, "weighted avg": {"precision": 0.37284215494143386, "recall": 0.610608020698577, "f1-score": 0.46298310967024636, "support": 3092}}{"confusion_matrix": [[[0, 1204], [0, 1888]]], "accuracy_score": 0.610608020698577}