{"long": {">0": 0.12997693614955086, "-1%~0": 0.549890750182083, "-2%~1%": 0.22144331148336974, "<-2%": 0.09644331148336975}, "short": {"0~0.01": 0.12111556202961885, "0.01~0.02": 0.00688880796309784, ">0.02": 0.001972566156834183, "<0": 0.8677773731488225}}