{"0.0": {"precision": 0.5, "recall": 0.005813953488372093, "f1-score": 0.011494252873563218, "support": 172}, "1.0": {"precision": 0.6613861386138614, "recall": 0.9970149253731343, "f1-score": 0.7952380952380952, "support": 335}, "accuracy": 0.6607495069033531, "macro avg": {"precision": 0.5806930693069308, "recall": 0.5014144394307531, "f1-score": 0.4033661740558292, "support": 507}, "weighted avg": {"precision": 0.6066358115101452, "recall": 0.6607495069033531, "f1-score": 0.5293526102544669, "support": 507}}{"confusion_matrix": [[[1, 171], [1, 334]]], "accuracy_score": 0.6607495069033531}