{"pred==1,ret>0 %": 0.6550387596899225, "pred==1 and side=-1,ret>0 %": 0.6683804627249358, "pred==1 and side==1, ret>0 %": 0.6415584415584416}{}