{"pred==1,ret>0 %": 0.6752475247524753, "pred==1 and side=-1,ret>0 %": 0.7049180327868853, "pred==1 and side==1, ret>0 %": 0.6475095785440613}{"pred==0,ret<0 %": 0.5}