{"0.0": {"precision": 1.0, "recall": 0.0049261083743842365, "f1-score": 0.00980392156862745, "support": 812}, "1.0": {"precision": 0.6007905138339921, "recall": 1.0, "f1-score": 0.7506172839506172, "support": 1216}, "accuracy": 0.6015779092702169, "macro avg": {"precision": 0.8003952569169961, "recall": 0.5024630541871922, "f1-score": 0.3802106027596223, "support": 2028}, "weighted avg": {"precision": 0.7606317873876403, "recall": 0.6015779092702169, "f1-score": 0.45399970492982056, "support": 2028}}{"confusion_matrix": [[[4, 808], [0, 1216]]], "accuracy_score": 0.6015779092702169}