{"0.0": {"precision": 0.36824324324324326, "recall": 0.47186147186147187, "f1-score": 0.41366223908918404, "support": 231}, "1.0": {"precision": 0.6347305389221557, "recall": 0.531328320802005, "f1-score": 0.578444747612551, "support": 399}, "accuracy": 0.5095238095238095, "macro avg": {"precision": 0.5014868910826995, "recall": 0.5015948963317385, "f1-score": 0.49605349335086757, "support": 630}, "weighted avg": {"precision": 0.5370185305065545, "recall": 0.5095238095238095, "f1-score": 0.5180244944873165, "support": 630}}{"confusion_matrix": [[[109, 122], [187, 212]]], "accuracy_score": 0.5095238095238095}