{"0.0": {"precision": 1.0, "recall": 0.005741626794258373, "f1-score": 0.01141769743101808, "support": 1045}, "1.0": {"precision": 0.5860557768924303, "recall": 1.0, "f1-score": 0.7390102989198694, "support": 1471}, "accuracy": 0.5870429252782194, "macro avg": {"precision": 0.7930278884462152, "recall": 0.5028708133971291, "f1-score": 0.3752139981754437, "support": 2516}, "weighted avg": {"precision": 0.7579841207507015, "recall": 0.5870429252782194, "f1-score": 0.4368106691281962, "support": 2516}}{"confusion_matrix": [[[6, 1039], [0, 1471]]], "accuracy_score": 0.5870429252782194}