{"0.0": {"precision": 0.0, "recall": 0.0, "f1-score": 0.0, "support": 231}, "1.0": {"precision": 0.6333333333333333, "recall": 1.0, "f1-score": 0.7755102040816326, "support": 399}, "accuracy": 0.6333333333333333, "macro avg": {"precision": 0.31666666666666665, "recall": 0.5, "f1-score": 0.3877551020408163, "support": 630}, "weighted avg": {"precision": 0.4011111111111111, "recall": 0.6333333333333333, "f1-score": 0.49115646258503404, "support": 630}}{"confusion_matrix": [[[0, 231], [0, 399]]], "accuracy_score": 0.6333333333333333}