{"pred==0,ret<0 %": 0.3333333333333333, "pred==0 and side=-1,ret<0 %": 0.3333333333333333}