{"0.0": {"precision": 0.371900826446281, "recall": 0.2073732718894009, "f1-score": 0.26627218934911245, "support": 217}, "1.0": {"precision": 0.6742424242424242, "recall": 0.8240740740740741, "f1-score": 0.7416666666666667, "support": 432}, "accuracy": 0.6178736517719569, "macro avg": {"precision": 0.5230716253443526, "recall": 0.5157236729817375, "f1-score": 0.5039694280078896, "support": 649}, "weighted avg": {"precision": 0.5731513198945613, "recall": 0.6178736517719569, "f1-score": 0.5827135055296725, "support": 649}}{"confusion_matrix": [[[45, 172], [76, 356]]], "accuracy_score": 0.6178736517719569}