{
    "0.0": {
        "precision": 0.7088607594936709,
        "recall": 0.05863874345549738,
        "f1-score": 0.10831721470019344,
        "support": 955
    },
    "1.0": {
        "precision": 0.5679961556943777,
        "recall": 0.9809128630705394,
        "f1-score": 0.7194157029823494,
        "support": 1205
    },
    "accuracy": 0.5731481481481482,
    "macro avg": {
        "precision": 0.6384284575940242,
        "recall": 0.5197758032630184,
        "f1-score": 0.4138664588412714,
        "support": 2160
    },
    "weighted avg": {
        "precision": 0.6302765708000836,
        "recall": 0.5731481481481482,
        "f1-score": 0.44923095469093316,
        "support": 2160
    }
}{
    "confusion_matrix": [
        [
            [
                56,
                899
            ],
            [
                23,
                1182
            ]
        ]
    ],
    "accuracy_score": 0.5731481481481482
}