{"0.0": {"precision": 0.4745762711864407, "recall": 0.11914893617021277, "f1-score": 0.19047619047619047, "support": 235}, "1.0": {"precision": 0.5632911392405063, "recall": 0.8959731543624161, "f1-score": 0.6917098445595854, "support": 298}, "accuracy": 0.5534709193245778, "macro avg": {"precision": 0.5189337052134735, "recall": 0.5075610452663144, "f1-score": 0.44109301751788793, "support": 533}, "weighted avg": {"precision": 0.5241767039821471, "recall": 0.5534709193245778, "f1-score": 0.47071564435396096, "support": 533}}{"confusion_matrix": [[[28, 207], [31, 267]]], "accuracy_score": 0.5534709193245778}