{"0.0": {"precision": 1.0, "recall": 0.023411371237458192, "f1-score": 0.0457516339869281, "support": 1196}, "1.0": {"precision": 0.603530210454854, "recall": 1.0, "f1-score": 0.7527519051651143, "support": 1778}, "accuracy": 0.6072629455279085, "macro avg": {"precision": 0.801765105227427, "recall": 0.5117056856187291, "f1-score": 0.39925176957602115, "support": 2974}, "weighted avg": {"precision": 0.7629713228610392, "recall": 0.6072629455279085, "f1-score": 0.4684303435211632, "support": 2974}}{"confusion_matrix": [[[28, 1168], [0, 1778]]], "accuracy_score": 0.6072629455279085}