{"pred==0,ret<0 %": 0.41379310344827586, "pred==0 and side=-1,ret<0 %": 0.6, "pred==0 and side==1, ret<0 %": 0.42857142857142855}