{
    "0.0": {
        "precision": 0.7745901639344263,
        "recall": 0.19790575916230366,
        "f1-score": 0.3152627189324437,
        "support": 955
    },
    "1.0": {
        "precision": 0.6002087682672234,
        "recall": 0.9543568464730291,
        "f1-score": 0.7369432874078821,
        "support": 1205
    },
    "accuracy": 0.6199074074074075,
    "macro avg": {
        "precision": 0.6873994661008248,
        "recall": 0.5761313028176663,
        "f1-score": 0.5261030031701629,
        "support": 2160
    },
    "weighted avg": {
        "precision": 0.6773079501478617,
        "recall": 0.6199074074074075,
        "f1-score": 0.5505058138458249,
        "support": 2160
    }
}{
    "confusion_matrix": [
        [
            [
                189,
                766
            ],
            [
                55,
                1150
            ]
        ]
    ],
    "accuracy_score": 0.6199074074074075
}