{"0.0": {"precision": 0.5, "recall": 0.1702127659574468, "f1-score": 0.25396825396825395, "support": 235}, "1.0": {"precision": 0.5695364238410596, "recall": 0.8657718120805369, "f1-score": 0.6870838881491346, "support": 298}, "accuracy": 0.5590994371482176, "macro avg": {"precision": 0.5347682119205298, "recall": 0.5179922890189919, "f1-score": 0.47052607105869426, "support": 533}, "weighted avg": {"precision": 0.5388777754308364, "recall": 0.5590994371482176, "f1-score": 0.49612296125887767, "support": 533}}{"confusion_matrix": [[[40, 195], [40, 258]]], "accuracy_score": 0.5590994371482176}