{"0.0": {"precision": 0.7619047619047619, "recall": 0.11978609625668449, "f1-score": 0.20702402957486138, "support": 935}, "1.0": {"precision": 0.5853904282115869, "recall": 0.9707602339181286, "f1-score": 0.7303582652419862, "support": 1197}, "accuracy": 0.5975609756097561, "macro avg": {"precision": 0.6736475950581744, "recall": 0.5452731650874065, "f1-score": 0.46869114740842377, "support": 2132}, "weighted avg": {"precision": 0.6628017330910985, "recall": 0.5975609756097561, "f1-score": 0.5008472378738991, "support": 2132}}{"confusion_matrix": [[[112, 823], [35, 1162]]], "accuracy_score": 0.5975609756097561}