{"pred==1,ret>0 %": 0.6510480887792849, "pred==1 and side=-1,ret>0 %": 0.633423180592992, "pred==1 and side==1, ret>0 %": 0.6659090909090909}{"pred==0,ret<0 %": 0.0, "pred==0 and side=-1,ret<0 %": 0.0}