{"0.0": {"precision": 0.6428571428571429, "recall": 0.015088013411567477, "f1-score": 0.02948402948402948, "support": 1193}, "1.0": {"precision": 0.6348663766314481, "recall": 0.9951290793960058, "f1-score": 0.7751849743881617, "support": 2053}, "accuracy": 0.6349353049907579, "macro avg": {"precision": 0.6388617597442955, "recall": 0.5051085464037867, "f1-score": 0.4023345019360956, "support": 3246}, "weighted avg": {"precision": 0.6378032170834671, "recall": 0.6349353049907579, "f1-score": 0.5011180528630138, "support": 3246}}{"confusion_matrix": [[[18, 1175], [10, 2043]]], "accuracy_score": 0.6349353049907579}