{"0.0": {"precision": 0.3419354838709677, "recall": 0.3045977011494253, "f1-score": 0.3221884498480243, "support": 174}, "1.0": {"precision": 0.6058631921824105, "recall": 0.6458333333333334, "f1-score": 0.6252100840336136, "support": 288}, "accuracy": 0.5173160173160173, "macro avg": {"precision": 0.4738993380266891, "recall": 0.47521551724137934, "f1-score": 0.47369926694081893, "support": 462}, "weighted avg": {"precision": 0.5064618474936853, "recall": 0.5173160173160173, "f1-score": 0.5110850529767034, "support": 462}}{"confusion_matrix": [[[53, 121], [102, 186]]], "accuracy_score": 0.5173160173160173}