{
    "0.0": {
        "precision": 0.5172413793103449,
        "recall": 0.06224066390041494,
        "f1-score": 0.1111111111111111,
        "support": 241
    },
    "1.0": {
        "precision": 0.55859375,
        "recall": 0.9533333333333334,
        "f1-score": 0.7044334975369458,
        "support": 300
    },
    "accuracy": 0.55637707948244,
    "macro avg": {
        "precision": 0.5379175646551724,
        "recall": 0.5077869986168742,
        "f1-score": 0.40777230432402845,
        "support": 541
    },
    "weighted avg": {
        "precision": 0.5401724536299318,
        "recall": 0.55637707948244,
        "f1-score": 0.4401253734544575,
        "support": 541
    }
}{
    "confusion_matrix": [
        [
            [
                15,
                226
            ],
            [
                14,
                286
            ]
        ]
    ],
    "accuracy_score": 0.55637707948244
}