{}{"pred==0,ret<0 %": 0.3879781420765027, "pred==0 and side=-1,ret<0 %": 0.4576923076923077, "pred==0 and side==1, ret<0 %": 0.32525951557093424}