{"long": {">0": 0.13335620466575182, "-1%~0": 0.5302146637914135, "-2%~1%": 0.20459223681631053, "<-2%": 0.12923936483042542}, "short": {"0~0.01": 0.124877475004901, "0.01~0.02": 0.00644481474220741, ">0.02": 0.002033914918643403, "<0": 0.8640462654381493}}