{"pred==1,ret>0 %": 0.6837121212121212, "pred==1 and side=-1,ret>0 %": 0.6690909090909091, "pred==1 and side==1, ret>0 %": 0.6996047430830039}{"pred==0,ret<0 %": 0.34710743801652894, "pred==0 and side=-1,ret<0 %": 0.3333333333333333, "pred==0 and side==1, ret<0 %": 0.35714285714285715}