{"pred==1,ret>0 %": 0.6244444444444445, "pred==1 and side=-1,ret>0 %": 0.6407766990291263, "pred==1 and side==1, ret>0 %": 0.610655737704918}{"pred==0,ret<0 %": 0.4166666666666667, "pred==0 and side=-1,ret<0 %": 1.0, "pred==0 and side==1, ret<0 %": 0.36363636363636365}