{"0.0": {"precision": 0.3356643356643357, "recall": 0.1889763779527559, "f1-score": 0.24181360201511332, "support": 254}, "1.0": {"precision": 0.5936883629191322, "recall": 0.76010101010101, "f1-score": 0.6666666666666666, "support": 396}, "accuracy": 0.536923076923077, "macro avg": {"precision": 0.46467634929173396, "recall": 0.474538694026883, "f1-score": 0.45424013434088995, "support": 650}, "weighted avg": {"precision": 0.49286051226879635, "recall": 0.536923076923077, "f1-score": 0.5006471614028288, "support": 650}}{"confusion_matrix": [[[48, 206], [95, 301]]], "accuracy_score": 0.536923076923077}