{"0.0": {"precision": 0.7666666666666667, "recall": 0.033873343151693665, "f1-score": 0.06488011283497884, "support": 679}, "1.0": {"precision": 0.6383682469680264, "recall": 0.9939914163090129, "f1-score": 0.7774420946626385, "support": 1165}, "accuracy": 0.6404555314533622, "macro avg": {"precision": 0.7025174568173466, "recall": 0.5139323797303533, "f1-score": 0.42116110374880866, "support": 1844}, "weighted avg": {"precision": 0.6856104524861266, "recall": 0.6404555314533622, "f1-score": 0.5150616252152519, "support": 1844}}{"confusion_matrix": [[[23, 656], [7, 1158]]], "accuracy_score": 0.6404555314533622}