{"0.0": {"precision": 0.4166666666666667, "recall": 0.028735632183908046, "f1-score": 0.05376344086021505, "support": 174}, "1.0": {"precision": 0.6244444444444445, "recall": 0.9756944444444444, "f1-score": 0.7615176151761517, "support": 288}, "accuracy": 0.6190476190476191, "macro avg": {"precision": 0.5205555555555555, "recall": 0.5022150383141762, "f1-score": 0.40764052801818335, "support": 462}, "weighted avg": {"precision": 0.5461904761904762, "recall": 0.6190476190476191, "f1-score": 0.4949608482259937, "support": 462}}{"confusion_matrix": [[[5, 169], [7, 281]]], "accuracy_score": 0.6190476190476191}