{"pred==0,ret<0 %": 0.3888888888888889, "pred==0 and side=-1,ret<0 %": 0.4603174603174603, "pred==0 and side==1, ret<0 %": 0.28888888888888886}